author,cover,description,edition,isbn,oclc,price,publisher,rating,subjects,summary,title
Allen L Wold,"//coverart.oclc.org/ImageWebSvc/oclc/+-+98425756_140.jpg?SearchOrder=+-+OT,OS,TN,GO,FA",122 pages : illustrations ; 24 cm.,"
                        ",0531047644 9780531047644,10207934,,"New York : F. Watts, 1984.",,"Science -- Experiments -- Data processing -- Juvenile literature.,Microcomputers -- Juvenile literature.,Science -- Experiments -- Data processing.,View all subjects","
   A guidebook for the student who wants to use a computer in a science project, indicating the ways computer knowledge can be used in the performance of an investigation or project or in the analysis of the results.",Computer science
Allen L Wold,"//coverart.oclc.org/ImageWebSvc/oclc/+-+98425756_140.jpg?SearchOrder=+-+OT,OS,TN,GO,FA",122 pages : illustrations ; 24 cm.,"
                        ",0531047644 9780531047644,10207934,,"New York : F. Watts, 1984.",,"Science -- Experiments -- Data processing -- Juvenile literature.,Microcomputers -- Juvenile literature.,Science -- Experiments -- Data processing.,View all subjects","
   A guidebook for the student who wants to use a computer in a science project, indicating the ways computer knowledge can be used in the performance of an investigation or project or in the analysis of the results.",Computer science
Kwok-Yan Lam,"//coverart.oclc.org/ImageWebSvc/oclc/+-+972052214_140.jpg?SearchOrder=+-+OT,OS,TN,GO,FA","1 online resource (XII, 478 pages 83 illustrations) : online resource.","
                        ",9783319500119 3319500112 3319500104 9783319500102,967705724,,"Cham : Springer International Publishing : Imprint : Springer, 2016.",,"Computer science.,Computer networks.,Data structures (Computer science),View all subjects","
   This book constitutes the refereed proceedings of the 18th International Conference on Information and Communications Security, ICISC 2016, held in Singapore, Singapore, in November/December 2016. The 20 revised full papers and 16 short papers presented were carefully selected from 60 submissions. The papers cover topics such as IoT security; cloud security; applied cryptography; attack behaviour analytics;","Information and Communications Security : 18th International Conference, ICICS 2016, Singapore, Singapore, November 29 -- December 2, 2016, Proceedings"
,"//coverart.oclc.org/ImageWebSvc/oclc/+-+035430474_140.jpg?SearchOrder=+-+OT,OS,TN,GO,FA",pages,"
                        ",9783319276823 3319276824,929589085,,Springer Verlag 2016.,,"Computer science -- Congresses.,Computer logic -- Congresses.,Computer logic.,View all subjects",,"Logical Foundations of Computer Science International Symposium, Lfcs 2016, Deerfield Beach, Fl, USA, January 4-7, 2016. Proceedings."
David Bale,"//coverart.oclc.org/ImageWebSvc/oclc/+-+19897067_140.jpg?SearchOrder=+-+OT,OS,TN,GO,FA",259 pages ; 30 cm.,"
                        ",0582057825 9780582057821,21524346,,"Harlow : Longman, 1991.",,"Electronic digital computers -- Study and teaching (Secondary) -- England.,General Certificate of Secondary Education.,Electronic digital computers -- Study and teaching (Secondary),View all subjects",,Computer science
A Campilho,"//coverart.oclc.org/ImageWebSvc/oclc/+-+094796804_140.jpg?SearchOrder=+-+OT,OS,TN,GO,FA","1 online resource (xxi, 820 pages) : illustrations.","
                        ",9783319415017 3319415018,953142945,,"Cham : Springer, 2016.",,"Image analysis -- Congresses.,Image processing -- Digital techniques -- Congresses.,Pattern recognition systems -- Congresses.,View all subjects","
   This book constitutes the thoroughly refereed proceedings of the 13th International Conference on Image Analysis and Recognition, ICIAR 2016, held in Póvoa de Varzim, Portugal, in July 2016. The 79 revised full papers and 10 short papers presented were carefully reviewed and selected from 167 submissions. The papers are organized in the following topical sections: Advances in Data Analytics and Pattern Recognition","Image Analysis and Recognition : 13th International Conference, ICIAR 2016, in Memory of Mohamed Kamel, Póvoa de Varzim, Portugal, July 13-15, 2016, Proceedings"
Naoyuki Kubota,"//coverart.oclc.org/ImageWebSvc/oclc/+-+371469514_140.jpg?SearchOrder=+-+OT,OS,TN,GO,FA","Online-Ressource (XXIII, 801 p. 555 illus, online resource)","
                        ",9783319435060 331943506X,960419628,,"Cham : Springer, 2016.",,"Computer science.,User interfaces (Computer systems),Artificial intelligence.,View all subjects",,"Intelligent Robotics and Applications : 9th International Conference, ICIRA 2016, Tokyo, Japan, August 22-24, 2016, Proceedings, Part I"
ACM Computer Science Conference.,"//coverart.oclc.org/ImageWebSvc/oclc/+-+434481447_140.jpg?SearchOrder=+-+OT,OS,TN,GO,FA",,"
                        ",,299639989,,"New York : Association for Computing Machinery, 199_-",,Acmdig -- Acmpro -- Bibperp -- Informatique -- Ordinateur,,ACM Annual Computer Science Conference : [proceedings].
,"//coverart.oclc.org/ImageWebSvc/oclc/+-+067004568_140.jpg?SearchOrder=+-+OT,OS,TN,GO,FA",24 cm.,"
                        ",,310955215,,"Berlin ; Heidelberg ; New York, NY : Springer, 1971.",,"Wirtschaftsmathematik -- Schriftenreihe.,Datenverarbeitung.,Operations Research.",,"Lecture notes in economics and mathematical systems : LNEMS; operations research, computer science, social science."
Kwok-Yan Lam,"//coverart.oclc.org/ImageWebSvc/oclc/+-+972052214_140.jpg?SearchOrder=+-+OT,OS,TN,GO,FA","1 online resource (XII, 478 pages 83 illustrations) : online resource.","
                        ",9783319500119 3319500112 3319500104 9783319500102,967705724,,"Cham : Springer International Publishing : Imprint : Springer, 2016.",,"Computer science.,Computer networks.,Data structures (Computer science),View all subjects","
   This book constitutes the refereed proceedings of the 18th International Conference on Information and Communications Security, ICISC 2016, held in Singapore, Singapore, in November/December 2016. The 20 revised full papers and 16 short papers presented were carefully selected from 60 submissions. The papers cover topics such as IoT security; cloud security; applied cryptography; attack behaviour analytics;","Information and Communications Security : 18th International Conference, ICICS 2016, Singapore, Singapore, November 29 -- December 2, 2016, Proceedings"
Jack Belzer,"//coverart.oclc.org/ImageWebSvc/oclc/+-+611963297_140.jpg?SearchOrder=+-+OT,OS,TN,GO,FA","VI, 390 S Ill., graph. Darst","
                        ",0824722957 9780824722951,247814661,,"New York, NY [u.a.] Dekker 2000",,,,Encyclopedia of computer science and technology Vol. 42 Supplement 27
Naoyuki Kubota,"//coverart.oclc.org/ImageWebSvc/oclc/+-+371469514_140.jpg?SearchOrder=+-+OT,OS,TN,GO,FA","Online-Ressource (XXIII, 801 p. 555 illus, online resource)","
                        ",9783319435060 331943506X,960419628,,"Cham : Springer, 2016.",,"Computer science.,User interfaces (Computer systems),Artificial intelligence.,View all subjects",,"Intelligent Robotics and Applications : 9th International Conference, ICIRA 2016, Tokyo, Japan, August 22-24, 2016, Proceedings, Part I"
A Campilho,"//coverart.oclc.org/ImageWebSvc/oclc/+-+094796804_140.jpg?SearchOrder=+-+OT,OS,TN,GO,FA","1 online resource (xxi, 820 pages) : illustrations.","
                        ",9783319415017 3319415018,953142945,,"Cham : Springer, 2016.",,"Image analysis -- Congresses.,Image processing -- Digital techniques -- Congresses.,Pattern recognition systems -- Congresses.,View all subjects","
   This book constitutes the thoroughly refereed proceedings of the 13th International Conference on Image Analysis and Recognition, ICIAR 2016, held in Póvoa de Varzim, Portugal, in July 2016. The 79 revised full papers and 10 short papers presented were carefully reviewed and selected from 167 submissions. The papers are organized in the following topical sections: Advances in Data Analytics and Pattern Recognition","Image Analysis and Recognition : 13th International Conference, ICIAR 2016, in Memory of Mohamed Kamel, Póvoa de Varzim, Portugal, July 13-15, 2016, Proceedings"
David Bale,"//coverart.oclc.org/ImageWebSvc/oclc/+-+19897067_140.jpg?SearchOrder=+-+OT,OS,TN,GO,FA",259 pages ; 30 cm.,"
                        ",0582057825 9780582057821,21524346,,"Harlow : Longman, 1991.",,"Electronic digital computers -- Study and teaching (Secondary) -- England.,General Certificate of Secondary Education.,Electronic digital computers -- Study and teaching (Secondary),View all subjects",,Computer science
ACM Computer Science Conference.,"//coverart.oclc.org/ImageWebSvc/oclc/+-+434481447_140.jpg?SearchOrder=+-+OT,OS,TN,GO,FA",,"
                        ",,299639989,,"New York : Association for Computing Machinery, 199_-",,Acmdig -- Acmpro -- Bibperp -- Informatique -- Ordinateur,,ACM Annual Computer Science Conference : [proceedings].
,"//coverart.oclc.org/ImageWebSvc/oclc/+-+035430474_140.jpg?SearchOrder=+-+OT,OS,TN,GO,FA",pages,"
                        ",9783319276823 3319276824,929589085,,Springer Verlag 2016.,,"Computer science -- Congresses.,Computer logic -- Congresses.,Computer logic.,View all subjects",,"Logical Foundations of Computer Science International Symposium, Lfcs 2016, Deerfield Beach, Fl, USA, January 4-7, 2016. Proceedings."
,"//coverart.oclc.org/ImageWebSvc/oclc/+-+067004568_140.jpg?SearchOrder=+-+OT,OS,TN,GO,FA",24 cm.,"
                        ",,310955215,,"Berlin ; Heidelberg ; New York, NY : Springer, 1971.",,"Wirtschaftsmathematik -- Schriftenreihe.,Datenverarbeitung.,Operations Research.",,"Lecture notes in economics and mathematical systems : LNEMS; operations research, computer science, social science."
Jack Belzer,"//coverart.oclc.org/ImageWebSvc/oclc/+-+611963297_140.jpg?SearchOrder=+-+OT,OS,TN,GO,FA","VI, 390 S Ill., graph. Darst","
                        ",0824722957 9780824722951,247814661,,"New York, NY [u.a.] Dekker 2000",,,,Encyclopedia of computer science and technology Vol. 42 Supplement 27
Roman Wyrzykowski,"//coverart.oclc.org/ImageWebSvc/oclc/+-+299184504_140.jpg?SearchOrder=+-+OT,OS,TN,GO,FA",1 Online-Ressource.,"
                        ",9783319321523 3319321528,950936447,,Cham Springer International Publishing 2016,,"Computer science.,Computer networks.,Computer programming.,View all subjects",,"Parallel Processing and Applied Mathematics : 11th International Conference, PPAM 2015, Krakow, Poland, September 6-9, 2015. Revised Selected Papers, Part II"
Roman Wyrzykowski,"//coverart.oclc.org/ImageWebSvc/oclc/+-+299184504_140.jpg?SearchOrder=+-+OT,OS,TN,GO,FA",1 Online-Ressource.,"
                        ",9783319321523 3319321528,950936447,,Cham Springer International Publishing 2016,,"Computer science.,Computer networks.,Computer programming.,View all subjects",,"Parallel Processing and Applied Mathematics : 11th International Conference, PPAM 2015, Krakow, Poland, September 6-9, 2015. Revised Selected Papers, Part II"
author,cover,description,edition,isbn,oclc,price,publisher,rating,subjects,summary,title,url
Naoyuki Kubota,"//coverart.oclc.org/ImageWebSvc/oclc/+-+371469514_140.jpg?SearchOrder=+-+OT,OS,TN,GO,FA","Online-Ressource (XXIII, 801 p. 555 illus, online resource)","<span class=""bksurl"" id=""editionFormatType"">
                        <img class=""icn"" src=""http://static1.worldcat.org/wcpa/rel20170216/images/icon-bksurl.gif"" alt="" "" height=""16"" width=""16""> <span class=""itemType"">eBook</span> : English<a href=""/oclc/960419628/editions?editionsView=true&amp;referer=di"" class=""vieweditions"">View all editions and formats</a>
                                </span>",9783319435060 331943506X,960419628,,"Cham : Springer, 2016.",,"Computer science.,User interfaces (Computer systems),Artificial intelligence.,View all subjects",,"Intelligent Robotics and Applications : 9th International Conference, ICIRA 2016, Tokyo, Japan, August 22-24, 2016, Proceedings, Part I",http://www.worldcat.org/title/intelligent-robotics-and-applications-9th-international-conference-icira-2016-tokyo-japan-august-22-24-2016-proceedings-part-i/oclc/960419628&referer=brief_results
ACM Computer Science Conference.,"//coverart.oclc.org/ImageWebSvc/oclc/+-+434481447_140.jpg?SearchOrder=+-+OT,OS,TN,GO,FA",,"<span class=""serurl"" id=""editionFormatType"">
                        <img class=""icn"" src=""http://static1.worldcat.org/wcpa/rel20170216/images/icon-serurl.gif"" alt="" "" height=""16"" width=""16""> <span class=""itemType"">eJournal/eMagazine</span> : Periodical : English<a href=""/oclc/299639989/editions?editionsView=true&amp;referer=di"" class=""vieweditions"">View all editions and formats</a>
                                </span>",,299639989,,"New York : Association for Computing Machinery, 199_-",,Acmdig -- Acmpro -- Bibperp -- Informatique -- Ordinateur,,ACM Annual Computer Science Conference : [proceedings].,http://www.worldcat.org/title/acm-annual-computer-science-conference-proceedings/oclc/299639989&referer=brief_results
G  Michael Schneider,"//coverart.oclc.org/ImageWebSvc/oclc/+-+311712364_140.jpg?SearchOrder=+-+OT,OS,TN,GO,FA","xxviii, 884 pages : color illustrations ; 26 cm","<span class=""bks"" id=""editionFormatType"">
                        <img class=""icn"" src=""http://static1.worldcat.org/wcpa/rel20170216/images/icon-bks.gif"" alt="" "" height=""16"" width=""16""> <span class=""itemType"">Print book</span> : English : 7th edition<a href=""/oclc/918762668/editions?editionsView=true&amp;referer=di"" class=""vieweditions"">View all editions and formats</a>
                                </span>",9781305075771 1305075773,918762668,,"Australia : Cengage Learning, [2016]",,Computer science.,"
   ""Introduce your students to a contemporary overview of today's computer science with Schneider/Gersting's best selling INVITATION TO COMPUTER SCIENCE, 7E. This flexible, non-language-specific text provides a solid foundation using an algorithm-driven approach that's ideal for your students' first course in Computer Science. Expanded chapter exercises and practice problems, feature boxes and the latest material on",Invitation to computer science,http://www.worldcat.org/title/invitation-to-computer-science/oclc/918762668&referer=brief_results
Allen L Wold,"//coverart.oclc.org/ImageWebSvc/oclc/+-+98425756_140.jpg?SearchOrder=+-+OT,OS,TN,GO,FA",122 pages : illustrations ; 24 cm.,"<span class=""bks"" id=""editionFormatType"">
                        <img class=""icn"" src=""http://static1.worldcat.org/wcpa/rel20170216/images/icon-bks.gif"" alt="" "" height=""16"" width=""16""> <span class=""itemType"">Print book</span> : Juvenile audience : English</span>",0531047644 9780531047644,10207934,,"New York : F. Watts, 1984.",,"Science -- Experiments -- Data processing -- Juvenile literature.,Microcomputers -- Juvenile literature.,Science -- Experiments -- Data processing.,View all subjects","
   A guidebook for the student who wants to use a computer in a science project, indicating the ways computer knowledge can be used in the performance of an investigation or project or in the analysis of the results.",Computer science,http://www.worldcat.org/title/computer-science/oclc/10207934&referer=brief_results
David Bale,"//coverart.oclc.org/ImageWebSvc/oclc/+-+19897067_140.jpg?SearchOrder=+-+OT,OS,TN,GO,FA",259 pages ; 30 cm.,"<span class=""bks"" id=""editionFormatType"">
                        <img class=""icn"" src=""http://static1.worldcat.org/wcpa/rel20170216/images/icon-bks.gif"" alt="" "" height=""16"" width=""16""> <span class=""itemType"">Print book</span> : English<a href=""/oclc/21524346/editions?editionsView=true&amp;referer=di"" class=""vieweditions"">View all editions and formats</a>
                                </span>",0582057825 9780582057821,21524346,,"Harlow : Longman, 1991.",,"Electronic digital computers -- Study and teaching (Secondary) -- England.,General Certificate of Secondary Education.,Electronic digital computers -- Study and teaching (Secondary),View all subjects",,Computer science,http://www.worldcat.org/title/computer-science/oclc/21524346&referer=brief_results
Roman Wyrzykowski,"//coverart.oclc.org/ImageWebSvc/oclc/+-+299184504_140.jpg?SearchOrder=+-+OT,OS,TN,GO,FA",1 Online-Ressource.,"<span class=""bksurl"" id=""editionFormatType"">
                        <img class=""icn"" src=""http://static1.worldcat.org/wcpa/rel20170216/images/icon-bksurl.gif"" alt="" "" height=""16"" width=""16""> <span class=""itemType"">eBook</span> : Document : English<a href=""/oclc/950936447/editions?editionsView=true&amp;referer=di"" class=""vieweditions"">View all editions and formats</a>
                                </span>",9783319321523 3319321528,950936447,,Cham Springer International Publishing 2016,,"Computer science.,Computer networks.,Computer programming.,View all subjects",,"Parallel Processing and Applied Mathematics : 11th International Conference, PPAM 2015, Krakow, Poland, September 6-9, 2015. Revised Selected Papers, Part II",http://www.worldcat.org/title/parallel-processing-and-applied-mathematics-11th-international-conference-ppam-2015-krakow-poland-september-6-9-2015-revised-selected-papers-part-ii/oclc/950936447&referer=brief_results
Floriana Esposito,"//coverart.oclc.org/ImageWebSvc/oclc/+-+757410784_140.jpg?SearchOrder=+-+OT,OS,TN,GO,FA","1 online resource (XXIII, 466 p. 78 illus :) : Online-Ressource.","<span class=""bksurl"" id=""editionFormatType"">
                        <img class=""icn"" src=""http://static1.worldcat.org/wcpa/rel20170216/images/icon-bksurl.gif"" alt="" "" height=""16"" width=""16""> <span class=""itemType"">eBook</span> : Document : English<a href=""/oclc/932569202/editions?editionsView=true&amp;referer=di"" class=""vieweditions"">View all editions and formats</a>
                                </span>",9783319252513 3319252518 9783319252520 3319252526,932569202,,"Cham : Springer International Publishing, 2015.",,"Computer science.,Computer networks.,Database management.,View all subjects","
   This book constitutes the refereed proceedings of the 22nd International Symposium on Methodologies for Intelligent Systems, ISMIS 2015, held in Lyon, France, in October 2015. The 31 revised full papers presented together with 18 short papers were carefully reviewed and selected from 67 submissions. The papers are organized in topical sections on data mining methods; databases, information retrieval, recommender","Foundations of Intelligent Systems : 22nd International Symposium, ISMIS 2015, Lyon, France, October 21-23, 2015, Proceedings",http://www.worldcat.org/title/foundations-of-intelligent-systems-22nd-international-symposium-ismis-2015-lyon-france-october-21-23-2015-proceedings/oclc/932569202&referer=brief_results
Jack Belzer,"//coverart.oclc.org/ImageWebSvc/oclc/+-+611963297_140.jpg?SearchOrder=+-+OT,OS,TN,GO,FA","VI, 390 S Ill., graph. Darst","<span class=""bks"" id=""editionFormatType"">
                        <img class=""icn"" src=""http://static1.worldcat.org/wcpa/rel20170216/images/icon-bks.gif"" alt="" "" height=""16"" width=""16""> <span class=""itemType"">Print book</span> : English<a href=""/oclc/247814661/editions?editionsView=true&amp;referer=di"" class=""vieweditions"">View all editions and formats</a>
                                </span>",0824722957 9780824722951,247814661,,"New York, NY [u.a.] Dekker 2000",,,,Encyclopedia of computer science and technology Vol. 42 Supplement 27,http://www.worldcat.org/title/encyclopedia-of-computer-science-and-technology-vol-42-supplement-27/oclc/247814661&referer=brief_results
A Campilho,"//coverart.oclc.org/ImageWebSvc/oclc/+-+094796804_140.jpg?SearchOrder=+-+OT,OS,TN,GO,FA","1 online resource (xxi, 820 pages) : illustrations.","<span class=""bksurl"" id=""editionFormatType"">
                        <img class=""icn"" src=""http://static1.worldcat.org/wcpa/rel20170216/images/icon-bksurl.gif"" alt="" "" height=""16"" width=""16""> <span class=""itemType"">eBook</span> : Document : Conference publication : English<a href=""/oclc/953142945/editions?editionsView=true&amp;referer=di"" class=""vieweditions"">View all editions and formats</a>
                                </span>",9783319415017 3319415018,953142945,,"Cham : Springer, 2016.",,"Image analysis -- Congresses.,Image processing -- Digital techniques -- Congresses.,Pattern recognition systems -- Congresses.,View all subjects","
   This book constitutes the thoroughly refereed proceedings of the 13th International Conference on Image Analysis and Recognition, ICIAR 2016, held in Póvoa de Varzim, Portugal, in July 2016. The 79 revised full papers and 10 short papers presented were carefully reviewed and selected from 167 submissions. The papers are organized in the following topical sections: Advances in Data Analytics and Pattern Recognition","Image Analysis and Recognition : 13th International Conference, ICIAR 2016, in Memory of Mohamed Kamel, Póvoa de Varzim, Portugal, July 13-15, 2016, Proceedings",http://www.worldcat.org/title/image-analysis-and-recognition-13th-international-conference-iciar-2016-in-memory-of-mohamed-kamel-povoa-de-varzim-portugal-july-13-15-2016-proceedings/oclc/953142945&referer=brief_results
Kwok-Yan Lam,"//coverart.oclc.org/ImageWebSvc/oclc/+-+972052214_140.jpg?SearchOrder=+-+OT,OS,TN,GO,FA","1 online resource (XII, 478 pages 83 illustrations) : online resource.","<span class=""bksurl"" id=""editionFormatType"">
                        <img class=""icn"" src=""http://static1.worldcat.org/wcpa/rel20170216/images/icon-bksurl.gif"" alt="" "" height=""16"" width=""16""> <span class=""itemType"">eBook</span> : Document : English<a href=""/oclc/967705724/editions?editionsView=true&amp;referer=di"" class=""vieweditions"">View all editions and formats</a>
                                </span>",9783319500119 3319500112 3319500104 9783319500102,967705724,,"Cham : Springer International Publishing : Imprint : Springer, 2016.",,"Computer science.,Computer networks.,Data structures (Computer science),View all subjects","
   This book constitutes the refereed proceedings of the 18th International Conference on Information and Communications Security, ICISC 2016, held in Singapore, Singapore, in November/December 2016. The 20 revised full papers and 16 short papers presented were carefully selected from 60 submissions. The papers cover topics such as IoT security; cloud security; applied cryptography; attack behaviour analytics;","Information and Communications Security : 18th International Conference, ICICS 2016, Singapore, Singapore, November 29 -- December 2, 2016, Proceedings",http://www.worldcat.org/title/information-and-communications-security-18th-international-conference-icics-2016-singapore-singapore-november-29-december-2-2016-proceedings/oclc/967705724&referer=brief_results
Symposium on Mathematical Foundations of Computer Science.,"//coverart.oclc.org/ImageWebSvc/oclc/+-+748737761_140.jpg?SearchOrder=+-+OT,OS,TN,GO,FA",,"<span class=""ser"" id=""editionFormatType"">
                        <img class=""icn"" src=""http://static1.worldcat.org/wcpa/rel20170216/images/icon-ser.gif"" alt="" "" height=""16"" width=""16""> <span class=""itemType"">Journal, magazine</span> : Periodical : Conference publication : English<a href=""/oclc/612282392/editions?editionsView=true&amp;referer=di"" class=""vieweditions"">View all editions and formats</a>
                                </span>",,612282392,,"Berlin ; Heidelberg [u.a.] : Springer, 1975-1989.",,"Formale Sprache.,Kongress.,Automatentheorie.,View all subjects",,Mathematical foundations of computer science : proceedings,http://www.worldcat.org/title/mathematical-foundations-of-computer-science-proceedings/oclc/612282392&referer=brief_results
,"//coverart.oclc.org/ImageWebSvc/oclc/+-+722774363_140.jpg?SearchOrder=+-+OT,OS,TN,GO,FA",28 cm.,"<span class=""serurl"" id=""editionFormatType"">
                        <img class=""icn"" src=""http://static1.worldcat.org/wcpa/rel20170216/images/icon-serurl.gif"" alt="" "" height=""16"" width=""16""> <span class=""itemType"">eJournal/eMagazine</span> : Document : Periodical : English<a href=""/oclc/818922772/editions?editionsView=true&amp;referer=di"" class=""vieweditions"">View all editions and formats</a>
                                </span>",,818922772,,"[Lisse] : Swets & Zeitlinger, BV, [200-]-",,"Computer science -- Periodicals -- Study and teaching.,Computer science.",,Computer science education.,http://www.worldcat.org/title/computer-science-education/oclc/818922772&referer=brief_results
Kesav V Nori,"//coverart.oclc.org/ImageWebSvc/oclc/+-+085476119_140.jpg?SearchOrder=+-+OT,OS,TN,GO,FA",1 online resource (536 pages).,"<span class=""bksurl"" id=""editionFormatType"">
                        <img class=""icn"" src=""http://static1.worldcat.org/wcpa/rel20170216/images/icon-bksurl.gif"" alt="" "" height=""16"" width=""16""> <span class=""itemType"">eBook</span> : Document : English<a href=""/oclc/466129035/editions?editionsView=true&amp;referer=di"" class=""vieweditions"">View all editions and formats</a>
                                </span>",9783540171799 3540171797,466129035,,New York : Springer Sept. 2007.,,"Software engineering.,Computer science.,Software Engineering.,View all subjects",,Foundations of Software Technology and Theoretical Computer Science.,http://www.worldcat.org/title/foundations-of-software-technology-and-theoretical-computer-science/oclc/466129035&referer=brief_results
G  Michael Schneider,"//coverart.oclc.org/ImageWebSvc/oclc/+-+311712364_140.jpg?SearchOrder=+-+OT,OS,TN,GO,FA","xxviii, 884 pages : color illustrations ; 26 cm","<span class=""bks"" id=""editionFormatType"">
                        <img class=""icn"" src=""http://static1.worldcat.org/wcpa/rel20170216/images/icon-bks.gif"" alt="" "" height=""16"" width=""16""> <span class=""itemType"">Print book</span> : English : 7th edition<a href=""/oclc/918762668/editions?editionsView=true&amp;referer=di"" class=""vieweditions"">View all editions and formats</a>
                                </span>",9781305075771 1305075773,918762668,,"Australia : Cengage Learning, [2016]",,Computer science.,"
   ""Introduce your students to a contemporary overview of today's computer science with Schneider/Gersting's best selling INVITATION TO COMPUTER SCIENCE, 7E. This flexible, non-language-specific text provides a solid foundation using an algorithm-driven approach that's ideal for your students' first course in Computer Science. Expanded chapter exercises and practice problems, feature boxes and the latest material on",Invitation to computer science,http://www.worldcat.org/title/invitation-to-computer-science/oclc/918762668&referer=brief_results
Judith L Gersting,"//coverart.oclc.org/ImageWebSvc/oclc/+-+845718074_140.jpg?SearchOrder=+-+OT,OS,TN,GO,FA","xvi, 969 pages : illustrations ; 27 cm","<span class=""bks"" id=""editionFormatType"">
                        <img class=""icn"" src=""http://static1.worldcat.org/wcpa/rel20170216/images/icon-bks.gif"" alt="" "" height=""16"" width=""16""> <span class=""itemType"">Print book</span> : English : 7th edition<a href=""/oclc/925362093/editions?editionsView=true&amp;referer=di"" class=""vieweditions"">View all editions and formats</a>
                                </span>",9781429215107 1429215100,925362093,,"New York : W.H. Freeman and Company, [2014?] ©2014",,Computer science -- Mathematics.,,Mathematical structures for computer science,http://www.worldcat.org/title/mathematical-structures-for-computer-science/oclc/925362093&referer=brief_results
Rolf Klein,"//coverart.oclc.org/ImageWebSvc/oclc/+-+40373260_140.jpg?SearchOrder=+-+OT,OS,TN,GO,FA","1 online resource (x, 355 pages) : illustrations.","<span class=""bksurl"" id=""editionFormatType"">
                        <img class=""icn"" src=""http://static1.worldcat.org/wcpa/rel20170216/images/icon-bksurl.gif"" alt="" "" height=""16"" width=""16""> <span class=""itemType"">eBook</span> : Document : English<a href=""/oclc/51782859/editions?editionsView=true&amp;referer=di"" class=""vieweditions"">View all editions and formats</a>
                                </span>",9783540364771 3540364773,51782859,,"Berlin ; New York : Springer, 2003.",,Computer science.,"
   By presenting state-of-the-art aspects of theoretical computer science and practical applications in various fields, this book commemorates the 60th birthday of Thomas Ottmann. The 26 research papers presented span the whole range of Thomas Ottmann's scientific career, from formal languages to algorithms and data structures, from topics in practical computer science like software engineering or database systems to",Computer science in perspective : essays dedicated to Thomas Ottmann,http://www.worldcat.org/title/computer-science-in-perspective-essays-dedicated-to-thomas-ottmann/oclc/51782859&referer=brief_results
Wendy MacCaull,"//coverart.oclc.org/ImageWebSvc/oclc/+-+72047131_140.jpg?SearchOrder=+-+OT,OS,TN,GO,FA","viii, 262 pages : illustrations ; 24 cm.","<span class=""bks"" id=""editionFormatType"">
                        <img class=""icn"" src=""http://static1.worldcat.org/wcpa/rel20170216/images/icon-bks.gif"" alt="" "" height=""16"" width=""16""> <span class=""itemType"">Print book</span> : Conference publication : English<a href=""/oclc/68629572/editions?editionsView=true&amp;referer=di"" class=""vieweditions"">View all editions and formats</a>
                                </span>",3540333398 9783540333395,68629572,,"Berlin ; New York : Springer, ©2006.",,"Computer science -- Congresses.,Relationism -- Congresses.,Algebra -- Computer programs -- Congresses.,View all subjects",,"Relational methods in computer science : 8th International Seminar on Relational Methods in Computer Science, 3rd International Workshop on Applications of Kleene Algebra and Workshop of COST Action 274, TARSKI, St. Catharines, ON, Canada, February 22-26, 2005 : selected revised papers",http://www.worldcat.org/title/relational-methods-in-computer-science-8th-international-seminar-on-relational-methods-in-computer-science-3rd-international-workshop-on-applications-of-kleene-algebra-and-workshop-of-cost-action-274-tarski-st-catharines-on-canada-february-22-26-2005-selected-revised-papers/oclc/68629572&referer=brief_results
Helen Zhang,"//coverart.oclc.org/ImageWebSvc/oclc/+-+242290763_140.jpg?SearchOrder=+-+OT,OS,TN,GO,FA","1 online resource (xi, 355 pages) : illustrations (some color).","<span class=""bksurl"" id=""editionFormatType"">
                        <img class=""icn"" src=""http://static1.worldcat.org/wcpa/rel20170216/images/icon-bksurl.gif"" alt="" "" height=""16"" width=""16""> <span class=""itemType"">eBook</span> : Document : Conference publication : English<a href=""/oclc/812547797/editions?editionsView=true&amp;referer=di"" class=""vieweditions"">View all editions and formats</a>
                                </span>",9783038138594 3038138592,812547797,,"Durnten-Zurich, Switzerland ; Enfield, NH : Trans Tech Publications, ©2012.",,"Materials science.,Environmental sciences.,Computer science.,View all subjects",,"Advanced research on material science, environmental science and computer science : selected, peer reviewed papers from the 2012 2nd International Conference on Material Science, Environmental Science and Computer Science (MSESCS2012) August 25-26, 2012, Wuhan, China",http://www.worldcat.org/title/advanced-research-on-material-science-environmental-science-and-computer-science-selected-peer-reviewed-papers-from-the-2012-2nd-international-conference-on-material-science-environmental-science-and-computer-science-msescs2012-august-25-26-2012-wuhan-china/oclc/812547797&referer=brief_results
National Science Foundation (U.S.). Computer Science Section.,"//coverart.oclc.org/ImageWebSvc/oclc/+-+092387032_140.jpg?SearchOrder=+-+OT,OS,TN,GO,FA","1 online resource (v, 33 pages) : illustrations.","<span class=""bksurl"" id=""editionFormatType"">
                        <img class=""icn"" src=""http://static1.worldcat.org/wcpa/rel20170216/images/icon-bksurl.gif"" alt="" "" height=""16"" width=""16""> <span class=""itemType"">eBook</span> : Document : National government publication : English<a href=""/oclc/785238745/editions?editionsView=true&amp;referer=di"" class=""vieweditions"">View all editions and formats</a>
                                </span>",,785238745,,"[Washington, D.C.?] : National Science Foundation, Office of Planning and Resources Management, Division of Planning and Policy Analysis, Program Review Section, 1981.",,"Computer networks.,Computer programming.",,Computer science,http://www.worldcat.org/title/computer-science/oclc/785238745&referer=brief_results
J Cuny,"//coverart.oclc.org/ImageWebSvc/oclc/+-+742783546_140.jpg?SearchOrder=+-+OT,OS,TN,GO,FA","x, 564 pages : illustrations ; 24 cm.","<span class=""bks"" id=""editionFormatType"">
                        <img class=""icn"" src=""http://static1.worldcat.org/wcpa/rel20170216/images/icon-bks.gif"" alt="" "" height=""16"" width=""16""> <span class=""itemType"">Print book</span> : Document : Conference publication <img class=""icn"" src=""http://static1.worldcat.org/wcpa/rel20170216/images/icon-com.gif"" height=""16"" width=""16"" alt="" ""> Computer File : English<a href=""/oclc/190832792/editions?editionsView=true&amp;referer=di"" class=""vieweditions"">View all editions and formats</a>
                                </span>",3540612289 9783540612285,190832792,,"Berlin ; New York : Springer, ©1996.",,"Graph grammars -- Congresses.,Computer science -- Congresses.,Computer science.,View all subjects",,"Graph grammars and their application to computer science : 5th international workshop, Williamsburg, VA, USA, November 13-18, 1995 : selected papers",http://www.worldcat.org/title/graph-grammars-and-their-application-to-computer-science-5th-international-workshop-williamsburg-va-usa-november-13-18-1995-selected-papers/oclc/190832792&referer=brief_results
Jane P Gardner,"//coverart.oclc.org/ImageWebSvc/oclc/+-+593037694_140.jpg?SearchOrder=+-+OT,OS,TN,GO,FA",1 online resource (48 pages).,"<span class=""bksurl"" id=""editionFormatType"">
                        <img class=""icn"" src=""http://static1.worldcat.org/wcpa/rel20170216/images/icon-bksurl.gif"" alt="" "" height=""16"" width=""16""> <span class=""itemType"">eBook</span> : Document : Juvenile audience : English<a href=""/oclc/941285840/editions?editionsView=true&amp;referer=di"" class=""vieweditions"">View all editions and formats</a>
                                </span>",9781422284919 1422284913,941285840,,"Broomall, PA : Mason Crest, [2016] ©2016",,"Computer science -- Juvenile literature.,Application software -- Juvenile literature.,Computer science.,View all subjects","
   Explains how science plays an important role in computers, including how computers can talk to one another, why artificial intelligence is the new buzzword, and how computers can make a person healthier.",Computer science,http://www.worldcat.org/title/computer-science/oclc/941285840&referer=brief_results
Tricia Walker,"//coverart.oclc.org/ImageWebSvc/oclc/+-+061104577_140.jpg?SearchOrder=+-+OT,OS,TN,GO,FA","2 volumes, 2 audiocassettes.","<span class=""kit"" id=""editionFormatType"">
                        <img class=""icn"" src=""http://static1.worldcat.org/wcpa/rel20170216/images/icon-kit.gif"" alt="" "" height=""16"" width=""16""> <span class=""itemType"">Kit</span> <img class=""icn"" src=""http://static1.worldcat.org/wcpa/rel20170216/images/icon-vis.gif"" height=""16"" width=""16"" alt="" ""> Visual material : English</span>",013280199X 9780132801997,220956615,,"Hemel Hempstead, Herts. : Prentice Hall International (UK), 1992.",,"English language -- Technical English.,English language -- Textbooks for foreign speakers.,English language -- Sound recordings for foreign speakers.,View all subjects",,Computer science,http://www.worldcat.org/title/computer-science/oclc/220956615&referer=brief_results
Mahesh Neelakanta,"//coverart.oclc.org/ImageWebSvc/oclc/+-+232241522_140.jpg?SearchOrder=+-+OT,OS,TN,GO,FA",1 online resource (4 pages).,"<span class=""bksurl"" id=""editionFormatType"">
                        <img class=""icn"" src=""http://static1.worldcat.org/wcpa/rel20170216/images/icon-bksurl.gif"" alt="" "" height=""16"" width=""16""> <span class=""itemType"">eBook</span> : Document : English</span>",9781423208068 1423208064,770697787,,"Boca Raton, FL : BarCharts, Inc., ©2000.",,"Computer science -- Outlines, syllabi, etc.,Computer science -- History -- Outlines, syllabi, etc.,Computer science.",,Computer science,http://www.worldcat.org/title/computer-science/oclc/770697787&referer=brief_results
Nell Dale,"//coverart.oclc.org/ImageWebSvc/oclc/+-+354509233_140.jpg?SearchOrder=+-+OT,OS,TN,GO,FA","xxxi, 700 pages ; 24 cm","<span class=""bks"" id=""editionFormatType"">
                        <img class=""icn"" src=""http://static1.worldcat.org/wcpa/rel20170216/images/icon-bks.gif"" alt="" "" height=""16"" width=""16""> <span class=""itemType"">Print book</span> : English : Sixth edition<a href=""/oclc/887450908/editions?editionsView=true&amp;referer=di"" class=""vieweditions"">View all editions and formats</a>
                                </span>",9781284055917 1284055914,887450908,,"Burlington, MA : Jones & Bartlett Learning, [2016]",,Computer science.,,Computer science illuminated,http://www.worldcat.org/title/computer-science-illuminated/oclc/887450908&referer=brief_results
Peter Vojtáš,"//coverart.oclc.org/ImageWebSvc/oclc/+-+92963120_140.jpg?SearchOrder=+-+OT,OS,TN,GO,FA","xv, 428 pages : illustrations ; 24 cm.","<span class=""bks"" id=""editionFormatType"">
                        <img class=""icn"" src=""http://static1.worldcat.org/wcpa/rel20170216/images/icon-bks.gif"" alt="" "" height=""16"" width=""16""> <span class=""itemType"">Print book</span> : Conference publication : English<a href=""/oclc/57681474/editions?editionsView=true&amp;referer=di"" class=""vieweditions"">View all editions and formats</a>
                                </span>",354024302X 9783540243021,57681474,,"Berlin : Springer, ©2005.",,"Computer software -- Congresses.,Computers -- Congresses.,Logiciels -- Congrès.,View all subjects",,"SOFSEM 2005 : theory and practice of computer science : 31st conference on current trends in theory and practice of computer science, Liptovský Ján, Slovakia, January 22-28, 2005 : proceedings",http://www.worldcat.org/title/sofsem-2005-theory-and-practice-of-computer-science-31st-conference-on-current-trends-in-theory-and-practice-of-computer-science-liptovsky-jan-slovakia-january-22-28-2005-proceedings/oclc/57681474&referer=brief_results
Pam Walker,"//coverart.oclc.org/ImageWebSvc/oclc/+-+140960351_140.jpg?SearchOrder=+-+OT,OS,TN,GO,FA","1 online resource (xx, 153 pages) : color illustrations, color maps.","<span class=""bksurl"" id=""editionFormatType"">
                        <img class=""icn"" src=""http://static1.worldcat.org/wcpa/rel20170216/images/icon-bksurl.gif"" alt="" "" height=""16"" width=""16""> <span class=""itemType"">eBook</span> : Document : Secondary (senior high) school : English<a href=""/oclc/608514596/editions?editionsView=true&amp;referer=di"" class=""vieweditions"">View all editions and formats</a>
                                </span>",9781438129099 1438129092,608514596,,"New York, NY : Facts On File, ©2010.",,"Computer science -- Experiments.,Computer science -- Study and teaching (Middle school) -- Activity programs.,Computer science -- Study and teaching (Secondary) -- Activity programs.,View all subjects","
   Presents 20 new, tested experiments related to the intriguing field of computer science. Most of the experiments utilize Internet-based computer research to teach key science concepts. The experiments are designed to promote interest in science in and out of the classroom, and to improve critical-thinking skills.",Computer science experiments,http://www.worldcat.org/title/computer-science-experiments/oclc/608514596&referer=brief_results
Anna Frid,"//coverart.oclc.org/ImageWebSvc/oclc/+-+462251093_140.jpg?SearchOrder=+-+OT,OS,TN,GO,FA","Online-Ressource (XIII, 367 S.)","<span class=""comurl"" id=""editionFormatType"">
                        <img class=""icn"" src=""http://static1.worldcat.org/wcpa/rel20170216/images/icon-comurl.gif"" alt="" "" height=""16"" width=""16""> <span class=""itemType"">Computer file</span> : English<a href=""/oclc/845607719/editions?editionsView=true&amp;referer=di"" class=""vieweditions"">View all editions and formats</a>
                                </span>",3642033504 9783642033506 9783642033513 3642033512,845607719,,Berlin [u.a.] Springer 2009,,"Coding theory.,Computer science.,Computer software.,View all subjects",,"Computer science - theory and applications : 4th International Computer Science Symposium in Russia, CSR 2009, Novosibirsk, Russia, August 18 - 23, 2009 ; proceedings",http://www.worldcat.org/title/computer-science-theory-and-applications-4th-international-computer-science-symposium-in-russia-csr-2009-novosibirsk-russia-august-18-23-2009-proceedings/oclc/845607719&referer=brief_results
Edward A Hirsch,"//coverart.oclc.org/ImageWebSvc/oclc/+-+881530033_140.jpg?SearchOrder=+-+OT,OS,TN,GO,FA","1 ressource en ligne (XX, 389 p.) : 39 illustrations.","<span class=""bksurl"" id=""editionFormatType"">
                        <img class=""icn"" src=""http://static1.worldcat.org/wcpa/rel20170216/images/icon-bksurl.gif"" alt="" "" height=""16"" width=""16""> <span class=""itemType"">eBook</span> : Document : English<a href=""/oclc/885580633/editions?editionsView=true&amp;referer=di"" class=""vieweditions"">View all editions and formats</a>
                                </span>",9783319066868 3319066862,885580633,,"Cham : Springer International Publishing, 2014.",,"Computer science.,Informatique.,Computer software.,View all subjects","
   This book constitutes the proceedings of the 9th International Computer Science Symposium in Russia, CSR 2014, held in Moscow, Russia, in June 2014. The 27 full papers presented in this volume were carefully reviewed and selected from 76 submissions. In addition the book contains 4 invited lectures. The scope of the proposed topics is quite broad and covers a wide range of areas in theoretical computer science and","Computer Science - Theory and Applications : 9th International Computer Science Symposium in Russia, CSR 2014, Moscow, Russia, June 7-11, 2014. Proceedings",http://www.worldcat.org/title/computer-science-theory-and-applications-9th-international-computer-science-symposium-in-russia-csr-2014-moscow-russia-june-7-11-2014-proceedings/oclc/885580633&referer=brief_results
Luc Steels,"//coverart.oclc.org/ImageWebSvc/oclc/+-+91416111_140.jpg?SearchOrder=+-+OT,OS,TN,GO,FA",85 p. : ill. ; 30 cm.,"<span class=""bks"" id=""editionFormatType"">
                        <img class=""icn"" src=""http://static1.worldcat.org/wcpa/rel20170216/images/icon-bks.gif"" alt="" "" height=""16"" width=""16""> <span class=""itemType"">Print book</span> : English<a href=""/oclc/66616964/editions?editionsView=true&amp;referer=di"" class=""vieweditions"">View all editions and formats</a>
                                </span>",,66616964,,"Utrecht : QANU, 2004.",,"Onderzoek.,Informatica.,Kwaliteit.,View all subjects",,Computer science,http://www.worldcat.org/title/computer-science/oclc/66616964&referer=brief_results
National Science Foundation (U.S.). Division of Strategic Planning and Analysis. Program Review Office.,"//coverart.oclc.org/ImageWebSvc/oclc/+-+3245531_140.jpg?SearchOrder=+-+OT,OS,TN,GO,FA","v, 25 pages : illustrations ; 28 cm.","<span class=""bks"" id=""editionFormatType"">
                        <img class=""icn"" src=""http://static1.worldcat.org/wcpa/rel20170216/images/icon-bks.gif"" alt="" "" height=""16"" width=""16""> <span class=""itemType"">Print book</span> : National government publication : English<a href=""/oclc/6800978/editions?editionsView=true&amp;referer=di"" class=""vieweditions"">View all editions and formats</a>
                                </span>",,6800978,,"[Washington] : National Science Foundation, April 1980.",,"Electronic data processing -- Research.,Computers -- Research.",,Computer science,http://www.worldcat.org/title/computer-science/oclc/6800978&referer=brief_results
,"//coverart.oclc.org/ImageWebSvc/oclc/+-+60527821_140.jpg?SearchOrder=+-+OT,OS,TN,GO,FA",,"<span class=""serurl"" id=""editionFormatType"">
                        <img class=""icn"" src=""http://static1.worldcat.org/wcpa/rel20170216/images/icon-serurl.gif"" alt="" "" height=""16"" width=""16""> <span class=""itemType"">eJournal/eMagazine</span> : Document : Periodical : English<a href=""/oclc/67327051/editions?editionsView=true&amp;referer=di"" class=""vieweditions"">View all editions and formats</a>
                                </span>",,67327051,,"[Amsterdam] : Elsevier, [2000?]-",,Fundamentele informatica.,,Theoretical computer science.,http://www.worldcat.org/title/theoretical-computer-science/oclc/67327051&referer=brief_results
Mahesh Neelakanta,"//coverart.oclc.org/ImageWebSvc/oclc/+-+232241522_140.jpg?SearchOrder=+-+OT,OS,TN,GO,FA",1 online resource (4 pages).,"<span class=""bksurl"" id=""editionFormatType"">
                        <img class=""icn"" src=""http://static1.worldcat.org/wcpa/rel20170216/images/icon-bksurl.gif"" alt="" "" height=""16"" width=""16""> <span class=""itemType"">eBook</span> : Document : English</span>",9781423208068 1423208064,770697787,,"Boca Raton, FL : BarCharts, Inc., ©2000.",,"Computer science -- Outlines, syllabi, etc.,Computer science -- History -- Outlines, syllabi, etc.,Computer science.",,Computer science,http://www.worldcat.org/title/computer-science/oclc/770697787&referer=brief_results
International Association of Computer Science and Information Technology.,"//coverart.oclc.org/ImageWebSvc/oclc/+-+006698789_140.jpg?SearchOrder=+-+OT,OS,TN,GO,FA","1 online resource (xvii, 610 pages) : illustrations","<span class=""bksurl"" id=""editionFormatType"">
                        <img class=""icn"" src=""http://static1.worldcat.org/wcpa/rel20170216/images/icon-bksurl.gif"" alt="" "" height=""16"" width=""16""> <span class=""itemType"">eBook</span> : Document : Conference publication : English<a href=""/oclc/432341155/editions?editionsView=true&amp;referer=di"" class=""vieweditions"">View all editions and formats</a>
                                </span>",,432341155,,"Los Alamitos, Calif. : IEEE Computer Society, ©2009.",,"Computer science -- Congresses.,Information technology -- Congresses.,Computer science.,View all subjects",,"IACSIT-SC 2009 : International Association of Computer Science and Information Technology--Spring Conference : proceedings, 17-20 April 2009, Singapore, Singapore.",http://www.worldcat.org/title/iacsit-sc-2009-international-association-of-computer-science-and-information-technology-spring-conference-proceedings-17-20-april-2009-singapore-singapore/oclc/432341155&referer=brief_results
Tricia Walker,"//coverart.oclc.org/ImageWebSvc/oclc/+-+061104577_140.jpg?SearchOrder=+-+OT,OS,TN,GO,FA","2 volumes, 2 audiocassettes.","<span class=""kit"" id=""editionFormatType"">
                        <img class=""icn"" src=""http://static1.worldcat.org/wcpa/rel20170216/images/icon-kit.gif"" alt="" "" height=""16"" width=""16""> <span class=""itemType"">Kit</span> <img class=""icn"" src=""http://static1.worldcat.org/wcpa/rel20170216/images/icon-vis.gif"" height=""16"" width=""16"" alt="" ""> Visual material : English</span>",013280199X 9780132801997,220956615,,"Hemel Hempstead, Herts. : Prentice Hall International (UK), 1992.",,"English language -- Technical English.,English language -- Textbooks for foreign speakers.,English language -- Sound recordings for foreign speakers.,View all subjects",,Computer science,http://www.worldcat.org/title/computer-science/oclc/220956615&referer=brief_results
,"//coverart.oclc.org/ImageWebSvc/oclc/+-+367722149_140.jpg?SearchOrder=+-+OT,OS,TN,GO,FA",1 vol. (XV-576 p.) : ill. ; 24 cm.,"<span class=""bks"" id=""editionFormatType"">
                        <img class=""icn"" src=""http://static1.worldcat.org/wcpa/rel20170216/images/icon-bks.gif"" alt="" "" height=""16"" width=""16""> <span class=""itemType"">Print book</span> : Conference publication : English<a href=""/oclc/496772218/editions?editionsView=true&amp;referer=di"" class=""vieweditions"">View all editions and formats</a>
                                </span>",354031198X 9783540311980,496772218,,"Berlin : Springer, cop. 2006.",,"Computer software -- Congresses.,Computers -- Congresses.,Computer software.,View all subjects",,"SOFSEM 2006 : theory and practice of computer science : 32nd conference on current trends in theory and practice of computer science, Měřín, Czech Republic, January 21-27, 2006 : proceedings",http://www.worldcat.org/title/sofsem-2006-theory-and-practice-of-computer-science-32nd-conference-on-current-trends-in-theory-and-practice-of-computer-science-merin-czech-republic-january-21-27-2006-proceedings/oclc/496772218&referer=brief_results
"Mahāwitthayālai Sinlapākō̜n,","//coverart.oclc.org/ImageWebSvc/oclc/+-+962764023_140.jpg?SearchOrder=+-+OT,OS,TN,GO,FA",1 online resource : illustrations,"<span class=""bksurl"" id=""editionFormatType"">
                        <img class=""icn"" src=""http://static1.worldcat.org/wcpa/rel20170216/images/icon-bksurl.gif"" alt="" "" height=""16"" width=""16""> <span class=""itemType"">eBook</span> : Document : Conference publication : English</span>",,875912714,,"Piscataway, NJ : IEEE, [2013?] ©2013",,"Software engineering -- Congresses.,Computer science -- Congresses.,Computer science.,View all subjects",,2013 International Computer Science and Engineering Conference (ICSEC) : 17th ICSEC : International Computer Science and Engineering Conference 2013,http://www.worldcat.org/title/2013-international-computer-science-and-engineering-conference-icsec-17th-icsec-international-computer-science-and-engineering-conference-2013/oclc/875912714&referer=brief_results
International Association of Computer Science and Information Technology.,"//coverart.oclc.org/ImageWebSvc/oclc/+-+443138339_140.jpg?SearchOrder=+-+OT,OS,TN,GO,FA",,"<span class=""serurl"" id=""editionFormatType"">
                        <img class=""icn"" src=""http://static1.worldcat.org/wcpa/rel20170216/images/icon-serurl.gif"" alt="" "" height=""16"" width=""16""> <span class=""itemType"">eJournal/eMagazine</span> : Document : Conference publication : English</span>",,488386899,,"Los Alamitos, Calif. : IEEE Computer Society.",,"Computer science -- Congresses.,Information technology -- Congresses.,Computer science.,View all subjects",,Proceedings : International Association of Computer Science and Information Technology--Spring Conference : IACSIT-SC ...,http://www.worldcat.org/title/proceedings-international-association-of-computer-science-and-information-technology-spring-conference-iacsit-sc/oclc/488386899&referer=brief_results
,"//coverart.oclc.org/ImageWebSvc/oclc/+-+859703632_140.jpg?SearchOrder=+-+OT,OS,TN,GO,FA","1 online resource (xii, 448 pages) : illustrations.","<span class=""bksurl"" id=""editionFormatType"">
                        <img class=""icn"" src=""http://static1.worldcat.org/wcpa/rel20170216/images/icon-bksurl.gif"" alt="" "" height=""16"" width=""16""> <span class=""itemType"">eBook</span> : Document : English<a href=""/oclc/781852403/editions?editionsView=true&amp;referer=di"" class=""vieweditions"">View all editions and formats</a>
                                </span>",9781617615108 1617615102,781852403,,"New York : Nova Science Publishers, ©2011.",,"Computer science -- Research.,Computers.,COMPUTERS -- Computer Literacy.,View all subjects",,Horizons in computer science research. Volume 2,http://www.worldcat.org/title/horizons-in-computer-science-research-volume-2/oclc/781852403&referer=brief_results
IEEE Computer Society. Technical Committee on Mathematical Foundations of Computing.,"//coverart.oclc.org/ImageWebSvc/oclc/+-+95096166_140.jpg?SearchOrder=+-+OT,OS,TN,GO,FA","xii, 518 pages : illustrations ; 28 cm","<span class=""bks"" id=""editionFormatType"">
                        <img class=""icn"" src=""http://static1.worldcat.org/wcpa/rel20170216/images/icon-bks.gif"" alt="" "" height=""16"" width=""16""> <span class=""itemType"">Print book</span> : Conference publication : English<a href=""/oclc/11614504/editions?editionsView=true&amp;referer=di"" class=""vieweditions"">View all editions and formats</a>
                                </span>",0818685913 9780818685910 081860591X 9780818605918 0818645911 9780818645914,11614504,,"[Singer Island, Florida] : IEEE Computer Society Press, ©1984.",,"Electronic data processing -- Congresses.,Computer programming -- Congresses.,Machine theory -- Congresses.,View all subjects",,"25th Annual Symposium on Foundations of Computer Science : October 24-26, 1984",http://www.worldcat.org/title/25th-annual-symposium-on-foundations-of-computer-science-october-24-26-1984/oclc/11614504&referer=brief_results
Jan Goldberg,"//coverart.oclc.org/ImageWebSvc/oclc/+-+51900379_140.jpg?SearchOrder=+-+OT,OS,TN,GO,FA","1 online resource (vii, 216 pages)","<span class=""bksurl"" id=""editionFormatType"">
                        <img class=""icn"" src=""http://static1.worldcat.org/wcpa/rel20170216/images/icon-bksurl.gif"" alt="" "" height=""16"" width=""16""> <span class=""itemType"">eBook</span> : Document : English<a href=""/oclc/42855460/editions?editionsView=true&amp;referer=di"" class=""vieweditions"">View all editions and formats</a>
                                </span>",0071403663 9780071403665 0585061300 9780585061306,42855460,,"Lincolnwood, Ill. : VGM Career Horizons, ©1998.",,"Computer science -- Vocational guidance.,Computer industry -- Employment.,COMPUTERS -- Reference.,View all subjects",,Great jobs for computer science majors,http://www.worldcat.org/title/great-jobs-for-computer-science-majors/oclc/42855460&referer=brief_results
Columbia Basin College.,"//coverart.oclc.org/ImageWebSvc/oclc/+-+457103741_140.jpg?SearchOrder=+-+OT,OS,TN,GO,FA",,"<span class=""bksurl"" id=""editionFormatType"">
                        <img class=""icn"" src=""http://static1.worldcat.org/wcpa/rel20170216/images/icon-bksurl.gif"" alt="" "" height=""16"" width=""16""> <span class=""itemType"">eBook</span> : Document : State or province government publication : English</span>",,692856209,,"Pasco, WA : Columbia Basin College, [2010?]",,"Columbia Basin College -- Curricula.,Computer science -- Study and teaching (Higher),Columbia Basin College.,View all subjects",,Computer science,http://www.worldcat.org/title/computer-science/oclc/692856209&referer=brief_results
,"//coverart.oclc.org/ImageWebSvc/oclc/+-+976981554_140.jpg?SearchOrder=+-+OT,OS,TN,GO,FA",,"<span class=""serurl"" id=""editionFormatType"">
                        <img class=""icn"" src=""http://static1.worldcat.org/wcpa/rel20170216/images/icon-serurl.gif"" alt="" "" height=""16"" width=""16""> <span class=""itemType"">eJournal/eMagazine</span> : English</span>",,900634124,,Dubai : [s.n.],,,,International Journal of Computer Science and Software Engineering : IJCSSE ; a monthly journal of computer science.,http://www.worldcat.org/title/international-journal-of-computer-science-and-software-engineering-ijcsse-a-monthly-journal-of-computer-science/oclc/900634124&referer=brief_results
,"//coverart.oclc.org/ImageWebSvc/oclc/+-+934178454_140.jpg?SearchOrder=+-+OT,OS,TN,GO,FA",pages.,"<span class=""bks"" id=""editionFormatType"">
                        <img class=""icn"" src=""http://static1.worldcat.org/wcpa/rel20170216/images/icon-bks.gif"" alt="" "" height=""16"" width=""16""> <span class=""itemType"">Print book</span> : English<a href=""/oclc/909326984/editions?editionsView=true&amp;referer=di"" class=""vieweditions"">View all editions and formats</a>
                                </span>",9783319202969 3319202960,909326984,,Springer-Verlag New York Inc 2015.,,"Computer science -- Congresses.,Computer science -- Russia -- Congresses.,Computer science.,View all subjects",,"Computer Science Theory and Applications: 10th International Computer Science Symposium, Csr 2015, Listvyanka, Russia July 13-17 2015, Proceedings.",http://www.worldcat.org/title/computer-science-theory-and-applications-10th-international-computer-science-symposium-csr-2015-listvyanka-russia-july-13-17-2015-proceedings/oclc/909326984&referer=brief_results
Association for Computing Machinery.,"//coverart.oclc.org/ImageWebSvc/oclc/+-+77159460_140.jpg?SearchOrder=+-+OT,OS,TN,GO,FA",,"<span class=""serurl"" id=""editionFormatType"">
                        <img class=""icn"" src=""http://static1.worldcat.org/wcpa/rel20170216/images/icon-serurl.gif"" alt="" "" height=""16"" width=""16""> <span class=""itemType"">eJournal/eMagazine</span> : Document : English</span>",,51940622,,New York : Association for Computing Machinery.,,"Computer science -- Study and teaching (Higher) -- Congresses.,Computer science -- Technological innovations -- Congresses.",,The supplemental proceedings of the Conference on Integrating Technology into Computer Science Education : working group reports and supplemental proceedings.,http://www.worldcat.org/title/supplemental-proceedings-of-the-conference-on-integrating-technology-into-computer-science-education-working-group-reports-and-supplemental-proceedings/oclc/51940622&referer=brief_results
Association for Computing Machinery.,"//coverart.oclc.org/ImageWebSvc/oclc/+-+660812310_140.jpg?SearchOrder=+-+OT,OS,TN,GO,FA","1 online resource (iii, 104 pages) : illustrations","<span class=""bksurl"" id=""editionFormatType"">
                        <img class=""icn"" src=""http://static1.worldcat.org/wcpa/rel20170216/images/icon-bksurl.gif"" alt="" "" height=""16"" width=""16""> <span class=""itemType"">eBook</span> : Document : Conference publication : English<a href=""/oclc/568763511/editions?editionsView=true&amp;referer=di"" class=""vieweditions"">View all editions and formats</a>
                                </span>",,568763511,,"New York, N.Y. : Association for Computing Machinery, ©1983.",,"Electronic data processing -- Congresses.,Electronic digital computers -- Congresses.,Informatique -- Congrès.,View all subjects",,"1983 ACM Computer Science Conference and SIGCSE Symposium : Computer Science Conference, February 15-17, SIGCSE Symposium, February 17-18.",http://www.worldcat.org/title/1983-acm-computer-science-conference-and-sigcse-symposium-computer-science-conference-february-15-17-sigcse-symposium-february-17-18/oclc/568763511&referer=brief_results
Janice P Bauer,"//coverart.oclc.org/ImageWebSvc/oclc/+-+126117664_140.jpg?SearchOrder=+-+OT,OS,TN,GO,FA",1 online resource.,"<span class=""bksurl"" id=""editionFormatType"">
                        <img class=""icn"" src=""http://static1.worldcat.org/wcpa/rel20170216/images/icon-bksurl.gif"" alt="" "" height=""16"" width=""16""> <span class=""itemType"">eBook</span> : Document : English<a href=""/oclc/911266176/editions?editionsView=true&amp;referer=di"" class=""vieweditions"">View all editions and formats</a>
                                </span>",9781612091815 1612091814,911266176,,"New York : Nova Science Publishers, Inc., [2011]",,"Computer science -- Research.,Computer science -- Technology.,COMPUTERS / Computer Literacy,View all subjects",,Computer science research and technology. Volume 3,http://www.worldcat.org/title/computer-science-research-and-technology-volume-3/oclc/911266176&referer=brief_results
Giuseppe F Italiano,"//coverart.oclc.org/ImageWebSvc/oclc/+-+014871754_140.jpg?SearchOrder=+-+OT,OS,TN,GO,FA","1 online resource (xvi, 616 pages) : illustrations.","<span class=""bksurl"" id=""editionFormatType"">
                        <img class=""icn"" src=""http://static1.worldcat.org/wcpa/rel20170216/images/icon-bksurl.gif"" alt="" "" height=""16"" width=""16""> <span class=""itemType"">eBook</span> : Document : Conference publication : English<a href=""/oclc/902623965/editions?editionsView=true&amp;referer=di"" class=""vieweditions"">View all editions and formats</a>
                                </span>",9783662460788 3662460785,902623965,,"Heidelberg : Springer, 2015.",,"Computer science -- Congresses.,Software engineering -- Congresses.,Computer science.,View all subjects","
   This book constitutes the proceedings of the 41st International Conference on Current Trends in Theory and Practice of Computer Science held in Pec pod Sněžkou, Czech Republic, during January 24-29, 2015. The book features 8 invited talks and 42 regular papers which were carefully reviewed and selected from 101 submissions. The papers are organized in topical sections named: foundations of computer science;","SOFSEM 2015 : theory and practice of computer science : 41st International Conference on Current Trends in Theory and Practice of Computer Science, Pec pod Sněžkou, Czech Republic, January 24-29, 2015, Proceedings",http://www.worldcat.org/title/sofsem-2015-theory-and-practice-of-computer-science-41st-international-conference-on-current-trends-in-theory-and-practice-of-computer-science-pec-pod-snezkou-czech-republic-january-24-29-2015-proceedings/oclc/902623965&referer=brief_results
,"//coverart.oclc.org/ImageWebSvc/oclc/+-+751621281_140.jpg?SearchOrder=+-+OT,OS,TN,GO,FA","8"".","<span class=""ser"" id=""editionFormatType"">
                        <img class=""icn"" src=""http://static1.worldcat.org/wcpa/rel20170216/images/icon-ser.gif"" alt="" "" height=""16"" width=""16""> <span class=""itemType"">Journal, magazine</span> : Series : English<a href=""/oclc/637671602/editions?editionsView=true&amp;referer=di"" class=""vieweditions"">View all editions and formats</a>
                                </span>",,637671602,,"Ann Arbor, Michigan : UMI Research Press, cop. 1982-cop. 1984.",,"SYSTEMPROGRAMMIERUNG (BETRIEBSSYSTEME),PROGRAMMATION SYSTÈME (SYSTÈMES D'EXPLOITATION),SYSTEMS PROGRAMMING (OPERATING SYSTEMS)",,Computer science. Systems programming,http://www.worldcat.org/title/computer-science-systems-programming/oclc/637671602&referer=brief_results
,"//coverart.oclc.org/ImageWebSvc/oclc/+-+184734732_140.jpg?SearchOrder=+-+OT,OS,TN,GO,FA",,"<span class=""serurl"" id=""editionFormatType"">
                        <img class=""icn"" src=""http://static1.worldcat.org/wcpa/rel20170216/images/icon-serurl.gif"" alt="" "" height=""16"" width=""16""> <span class=""itemType"">eJournal/eMagazine</span> : Document : Periodical : English<a href=""/oclc/782982936/editions?editionsView=true&amp;referer=di"" class=""vieweditions"">View all editions and formats</a>
                                </span>",,782982936,,"[Beijing] : Higher Education Press ; [Berlin] : Springer, [2012]- ©2012-",,"Computer science -- Periodicals.,Computer science.",,Frontiers of computer science.,http://www.worldcat.org/title/frontiers-of-computer-science/oclc/782982936&referer=brief_results
,"//coverart.oclc.org/ImageWebSvc/oclc/+-+778881763_140.jpg?SearchOrder=+-+OT,OS,TN,GO,FA",1 online resource (550 pages),"<span class=""bksurl"" id=""editionFormatType"">
                        <img class=""icn"" src=""http://static1.worldcat.org/wcpa/rel20170216/images/icon-bksurl.gif"" alt="" "" height=""16"" width=""16""> <span class=""itemType"">eBook</span> : Document : English</span>",9780769501581 0769501583,812633322,,Los Alamitos : IEEE Computer Society Press Jan. 1999.,,"Computer Science.,Logic Machines.","
   Four of the five invited talks are included in the proceedings. They discuss some decision problems of enormous complexity; plausibility measures and default reasoning; Cartesian closed double categories, their lambda notation, and the pi-calculus; and proving security protocols correct. Others of the 46 papers discuss such topics as two- variable descriptions of regularity, pattern matching as cut elimination, full","Logic in Computer Science : Proceedings: Symposium on Logic in Computer Science (14th, 1999: Trento, Italy).",http://www.worldcat.org/title/logic-in-computer-science-proceedings-symposium-on-logic-in-computer-science-14th-1999-trento-italy/oclc/812633322&referer=brief_results
Richard S Barr,"//coverart.oclc.org/ImageWebSvc/oclc/+-+434697883_140.jpg?SearchOrder=+-+OT,OS,TN,GO,FA","XIII, 442 S graph. Darst 25 cm","<span class=""bks"" id=""editionFormatType"">
                        <img class=""icn"" src=""http://static1.worldcat.org/wcpa/rel20170216/images/icon-bks.gif"" alt="" "" height=""16"" width=""16""> <span class=""itemType"">Print book</span> : English<a href=""/oclc/833241989/editions?editionsView=true&amp;referer=di"" class=""vieweditions"">View all editions and formats</a>
                                </span>",0792398440 9780792398448,833241989,,Boston [u.a.] Kluwer Acad. Publ. 1997,,"High performance computing,Operations research,User interfaces (Computer systems)",,"Interfaces in computer science and operations research : advances in metaheuristics, optimization, and stochastic modelling technologies ; [fifth INFORMS Computer Science Technical Section conference in Dallas, Texas, January 8 - 10, 1996]",http://www.worldcat.org/title/interfaces-in-computer-science-and-operations-research-advances-in-metaheuristics-optimization-and-stochastic-modelling-technologies-fifth-informs-computer-science-technical-section-conference-in-dallas-texas-january-8-10-1996/oclc/833241989&referer=brief_results
,"//coverart.oclc.org/ImageWebSvc/oclc/+-+145906264_140.jpg?SearchOrder=+-+OT,OS,TN,GO,FA",,"<span class=""serurl"" id=""editionFormatType"">
                        <img class=""icn"" src=""http://static1.worldcat.org/wcpa/rel20170216/images/icon-serurl.gif"" alt="" "" height=""16"" width=""16""> <span class=""itemType"">eJournal/eMagazine</span> : Document : Periodical : English<a href=""/oclc/917154096/editions?editionsView=true&amp;referer=di"" class=""vieweditions"">View all editions and formats</a>
                                </span>",,917154096,,"Warsaw, Poland : De Gruyter Open, [2015]-",,"Computer science -- Periodicals.,Electronic data processing -- Periodicals.,Computer science.,View all subjects",,Open computer science.,http://www.worldcat.org/title/open-computer-science/oclc/917154096&referer=brief_results
IEEE Computer Society. Technical Committee on Mathematical Foundations of Computing.,"//coverart.oclc.org/ImageWebSvc/oclc/+-+436611763_140.jpg?SearchOrder=+-+OT,OS,TN,GO,FA",1 online resource : illustrations,"<span class=""bksurl"" id=""editionFormatType"">
                        <img class=""icn"" src=""http://static1.worldcat.org/wcpa/rel20170216/images/icon-bksurl.gif"" alt="" "" height=""16"" width=""16""> <span class=""itemType"">eBook</span> : Document : Conference publication : English</span>",,812661189,,"Piscataway : IEEE, June 2011.",,"Electronic data processing -- Congresses.,Computer programming -- Congresses.,Logic, Symbolic and mathematical -- Congresses.,View all subjects",,"Proceedings, 26th Annual IEEE Symposium on Logic in Computer Science.",http://www.worldcat.org/title/proceedings-26th-annual-ieee-symposium-on-logic-in-computer-science/oclc/812661189&referer=brief_results
Tricia Walker,"//coverart.oclc.org/ImageWebSvc/oclc/+-+120456207_140.jpg?SearchOrder=+-+OT,OS,TN,GO,FA",,"<span class=""recmsr"" id=""editionFormatType"">
                        <img class=""icn"" src=""http://static1.worldcat.org/wcpa/rel20170216/images/icon-recmsr.gif"" alt="" "" height=""16"" width=""16""> <span class=""itemType"">Music</span> : English</span>",0304317640 9780304317646,257109576,,London Cassell 1989,,,,Computer science Cassette two [Units 8 - 15],http://www.worldcat.org/title/computer-science-cassette-two-units-8-15/oclc/257109576&referer=brief_results
Tricia Walker,"//coverart.oclc.org/ImageWebSvc/oclc/+-+734456207_140.jpg?SearchOrder=+-+OT,OS,TN,GO,FA",,"<span class=""recmsr"" id=""editionFormatType"">
                        <img class=""icn"" src=""http://static1.worldcat.org/wcpa/rel20170216/images/icon-recmsr.gif"" alt="" "" height=""16"" width=""16""> <span class=""itemType"">Music</span> : English</span>",0304317640 9780304317646,257109982,,London Cassell 1989,,,,Computer science Cassette one [Units 1 - 7],http://www.worldcat.org/title/computer-science-cassette-one-units-1-7/oclc/257109982&referer=brief_results
Mari Rich,"//coverart.oclc.org/ImageWebSvc/oclc/+-+952426994_140.jpg?SearchOrder=+-+OT,OS,TN,GO,FA",pages cm.,"<span class=""bks"" id=""editionFormatType"">
                        <img class=""icn"" src=""http://static1.worldcat.org/wcpa/rel20170216/images/icon-bks.gif"" alt="" "" height=""16"" width=""16""> <span class=""itemType"">Print book</span> : Biography : Juvenile audience : English<a href=""/oclc/944179704/editions?editionsView=true&amp;referer=di"" class=""vieweditions"">View all editions and formats</a>
                                </span>",9781422235577  1422235572  9781422235546  1422235548,944179704,,"Broomall, PA : Mason Crest, [2017]",,"Computer scientists -- United States -- Biography -- Juvenile literature.,African American scientists -- Biography -- Juvenile literature.,African American scientists.,View all subjects","
   Provides information on African-American computer scientists that have added to the worlds knowledge in writing software, doing pioneering work in artificial intelligence, developing powerful new silicon chips, and guiding new tech companies.",Computer science,http://www.worldcat.org/title/computer-science/oclc/944179704&referer=brief_results
Walfredo Cirne,"//coverart.oclc.org/ImageWebSvc/oclc/+-+565795064_140.jpg?SearchOrder=+-+OT,OS,TN,GO,FA","1 ressource en ligne (X, 169 p.) : 60 illustrations.","<span class=""bksurl"" id=""editionFormatType"">
                        <img class=""icn"" src=""http://static1.worldcat.org/wcpa/rel20170216/images/icon-bksurl.gif"" alt="" "" height=""16"" width=""16""> <span class=""itemType"">eBook</span> : Document : English<a href=""/oclc/915042010/editions?editionsView=true&amp;referer=di"" class=""vieweditions"">View all editions and formats</a>
                                </span>",9783319157894 3319157892,915042010,,"Cham : Springer International Publishing, 2015.",,"Computer science.,Informatique.,Computer Communication Networks.,View all subjects","
   This book constitutes the thoroughly refereed post-conference proceedings of the 18th International Workshop on Job Scheduling Strategies for Parallel Processing, JSSPP 2014, held in Phoenix, AZ, USA, in May 2014. The 9 revised full papers presented were carefully reviewed and selected from 24 submissions. The papers cover the following topics: single-core parallelism; moving to distributed-memory, larger-scale","Job Scheduling Strategies for Parallel Processing : 18th International Workshop, JSSPP 2014, Phoenix, AZ, USA, May 23, 2014. Revised Selected Papers",http://www.worldcat.org/title/job-scheduling-strategies-for-parallel-processing-18th-international-workshop-jsspp-2014-phoenix-az-usa-may-23-2014-revised-selected-papers/oclc/915042010&referer=brief_results
Natarajan Meghanathan,"//coverart.oclc.org/ImageWebSvc/oclc/+-+017135442_140.jpg?SearchOrder=+-+OT,OS,TN,GO,FA",1 online resource (Online-Ressource.).,"<span class=""bksurl"" id=""editionFormatType"">
                        <img class=""icn"" src=""http://static1.worldcat.org/wcpa/rel20170216/images/icon-bksurl.gif"" alt="" "" height=""16"" width=""16""> <span class=""itemType"">eBook</span> : Document : English<a href=""/oclc/799086265/editions?editionsView=true&amp;referer=di"" class=""vieweditions"">View all editions and formats</a>
                                </span>",9783642273087 3642273084,799086265,,"Berlin, Heidelberg : Springer Berlin Heidelberg, 2012.",,"Computer science.,Computer Communication Networks.,Software engineering.,View all subjects",,"Advances in Computer Science and Information Technology. Computer Science and Engineering : Second International Conference, CCSIT 2012, Bangalore, India, January 2-4, 2012. Proceedings, Part II",http://www.worldcat.org/title/advances-in-computer-science-and-information-technology-computer-science-and-engineering-second-international-conference-ccsit-2012-bangalore-india-january-2-4-2012-proceedings-part-ii/oclc/799086265&referer=brief_results
IEEE Computer Society. Technical Committee on Mathematical Foundations of Computing.,"//coverart.oclc.org/ImageWebSvc/oclc/+-+15560779_140.jpg?SearchOrder=+-+OT,OS,TN,GO,FA","xii, 478 pages : illustrations ; 28 cm","<span class=""bks"" id=""editionFormatType"">
                        <img class=""icn"" src=""http://static1.worldcat.org/wcpa/rel20170216/images/icon-bks.gif"" alt="" "" height=""16"" width=""16""> <span class=""itemType"">Print book</span> : Conference publication : English<a href=""/oclc/42251006/editions?editionsView=true&amp;referer=di"" class=""vieweditions"">View all editions and formats</a>
                                </span>",0769501583 9780769501581 0780357701 9780780357709 0769501605 9780769501604,42251006,,"Los Alamitos, Calif. : IEEE Computer Society Press, ©1999.",,"Computer science -- Mathematics -- Congresses.,Logic, Symbolic and mathematical -- Congresses.,théorie type.,View all subjects",,"14th Symposium on Logic in Computer Science : proceedings : July 2-5, 1999, Trento, Italy",http://www.worldcat.org/title/14th-symposium-on-logic-in-computer-science-proceedings-july-2-5-1999-trento-italy/oclc/42251006&referer=brief_results
Leszek Rutkowski,"//coverart.oclc.org/ImageWebSvc/oclc/+-+788214504_140.jpg?SearchOrder=+-+OT,OS,TN,GO,FA","1 online resource (xxiv, 770 pages) : illustrations (black and white).","<span class=""bksurl"" id=""editionFormatType"">
                        <img class=""icn"" src=""http://static1.worldcat.org/wcpa/rel20170216/images/icon-bksurl.gif"" alt="" "" height=""16"" width=""16""> <span class=""itemType"">eBook</span> : Document : Conference publication : English<a href=""/oclc/950967332/editions?editionsView=true&amp;referer=di"" class=""vieweditions"">View all editions and formats</a>
                                </span>",9783319393841 3319393847,950967332,,"Switzerland : Springer, 2016.",,"Artificial intelligence -- Congresses.,Soft computing -- Congresses.,Artificial intelligence.,View all subjects","
   The two-volume set LNAI 9692 and LNAI 9693 constitutes the refereed proceedings of the 15th International Conference on Artificial Intelligence and Soft Computing, ICAISC 2016, held in Zakopane, Poland in June 2016. The 134 revised full papers presented were carefully reviewed and selected from 343 submissions. The papers included in the first volume are organized in the following topical sections: neural networks","Artificial intelligence and soft computing : 15th International Conference, ICAISC 2016, Zakopane, Poland, June 12-16, 2016, Proceedings. Part II",http://www.worldcat.org/title/artificial-intelligence-and-soft-computing-15th-international-conference-icaisc-2016-zakopane-poland-june-12-16-2016-proceedings-part-ii/oclc/950967332&referer=brief_results
